{
  "rmse": 9770.244975518644,
  "mae": 4146.512529907816,
  "r2_score": 0.99888920932692
}