{
  "rmse": 8038.658499713257,
  "mae": 3147.8628395067863,
  "r2_score": 0.9992480508433567
}